avg_width,avg_height,avg_area,mean_R,mean_G,mean_B,texture_contrast,texture_homogeneity,texture_entropy,varietas
42.89784335981839,44.164585698070375,14744.715096481272,158.92907959866045,152.2093183434639,134.76343058442512,22.782472111956487,0.49842040192688375,10.466737636321938,beras basmati
41.54929577464789,39.030985915492955,17505.094366197183,161.17880779819643,153.88466622181278,135.51509066686089,16.340210666635162,0.5323596600347972,10.24113925699792,beras basmati
41.094609460946096,37.503850385038504,13633.807480748075,164.25783653063849,157.78843401268685,140.68568195507368,16.25655777596627,0.562077504169379,9.966141462634857,beras basmati
38.95933926302414,37.45997458703939,14369.881829733164,159.5612847714317,151.9732114151602,132.43389655244812,17.51206663266807,0.5338989234278683,10.237733761009036,beras basmati
40.17888888888889,41.91111111111111,13343.714444444444,161.85714515358612,153.1933966922031,132.01044971904656,20.253831652437135,0.5232987943760405,10.27465049848326,beras basmati
37.18705763397371,42.75631951466127,12013.064711830131,160.26462276654487,151.78501444462816,131.32490415629985,28.99678826418096,0.4822067120671603,10.62684395748545,beras basmati
41.028768699654776,38.93440736478711,15543.098964326813,160.36368033903375,152.24838568239795,132.24910192665027,20.310184829665687,0.5010898859701777,10.35797618920585,beras basmati
38.354594594594595,43.68324324324324,11775.691891891893,163.47037629191337,154.60572611567775,135.43310829829616,21.251141053510388,0.5452993363222228,10.09450896273604,beras basmati
36.758507135016465,40.329308452250274,12007.641053787047,162.5165101148484,154.6433530105715,135.97975906701413,17.40704122232199,0.5619829523755103,9.943619363769905,beras basmati
35.702517162471395,43.78260869565217,14546.172768878718,160.59282888020175,151.1161387635687,129.69951408900752,21.297473339319186,0.5157511115461254,10.212996059071235,beras basmati
36.74185136897001,43.29465449804433,15162.561929595828,163.40303309305975,155.83660469878538,137.7247349412373,15.953967253044127,0.5915214665192119,9.92168945565918,beras basmati
41.53938730853392,44.659737417943106,16595.647702407,161.81544879718862,154.00049594973018,135.8260658285305,22.869373083476418,0.5178692168600314,10.174893718107487,beras basmati
42.67243510506798,45.9406674907293,15579.128553770086,159.48846094668576,152.1942085669144,134.47042566544363,19.567619726934772,0.5744081417288209,10.034377694851207,beras basmati
43.48787584869059,41.024248302618815,12270.189136760428,160.54519113297323,151.92727000136475,131.54557923188565,18.055518554179862,0.5437526897962808,10.04166520996921,beras basmati
39.60699588477366,46.45987654320987,15940.406378600823,161.34386236168848,152.2597561931794,131.61570645812336,22.18242810411186,0.5530719647951529,10.124570541975796,beras basmati
39.104413347685686,35.61571582346609,15891.599569429494,162.02189871897832,154.0996493167097,136.05837558788946,19.488945531349604,0.5248489770704093,10.167937835173847,beras basmati
40.050663449939684,42.66948130277443,14747.750301568154,169.11288117677626,162.12651663674728,145.38372041524943,13.576707133537063,0.6063069040602462,9.765310162530973,beras basmati
41.574074074074076,44.85679012345679,17043.37037037037,161.8823094148925,153.91692682088265,135.37408035648673,17.577917103135224,0.569129976183452,9.969887908354089,beras basmati
41.275590551181104,40.813273340832396,13178.032620922384,159.30430194357834,151.5922648573318,134.11579790577497,20.072366814737805,0.5387623324309375,10.211515407571161,beras basmati
39.07393939393939,40.78060606060606,16759.574545454547,159.05170983323885,151.4838634672619,133.68067513463717,17.92947299867681,0.554320030229067,10.015151730294994,beras basmati
36.567021276595746,39.456382978723404,13326.254255319149,151.0414586745192,151.03262967030946,146.850887837774,18.512376755063034,0.5454811582590935,10.06061187796657,beras basmati
45.57259713701431,47.0879345603272,12228.193251533743,161.01590352576216,153.8867734545593,136.78886287346728,19.68669885047966,0.5467160025869273,10.137023642808554,beras basmati
42.62211055276382,46.54773869346734,11626.858291457287,159.24427791950112,152.7744027443153,137.11626178731524,20.462222826058422,0.5538180380767553,10.060549267527133,beras basmati
36.945882352941176,41.42,14140.750588235294,163.57820348915027,156.56497917454018,139.8123454001585,16.378438092350187,0.60538239048825,9.799162007783162,beras basmati
37.226027397260275,41.853881278538815,12498.076484018266,164.29156504905202,156.8749001047178,139.52296541687662,15.096474728798789,0.5837185152744077,9.81622590626711,beras basmati
44.76454668470907,44.617050067659,15020.489851150203,168.44735247976504,161.58079313901484,145.52157779103152,13.702682870479764,0.6173397666865178,9.684168570114851,beras basmati
46.65686274509804,45.67745098039216,10970.398039215686,160.41149565053644,151.74008551626667,132.42421458359578,19.179274208580775,0.5340315868578427,10.184302076091848,beras basmati
42.51800232288037,40.78861788617886,13880.994192799071,163.73964878196648,155.79228309765264,136.8150805461073,15.48653510913683,0.5530112199108372,9.945276876752045,beras basmati
37.67967698519516,38.796769851951545,19037.438761776582,160.95192256590136,154.99547149589,133.74988247131412,20.133170576506053,0.5452146333807607,10.105963909502531,beras basmati
36.22727272727273,39.5,11269.718568665377,163.7359633185836,155.96346604807044,130.27556736911586,20.87435489619269,0.5209420786153893,10.178877459821596,beras basmati
37.65073170731707,41.8,12322.863414634146,165.94511352959393,159.78967860292263,135.98361914210128,22.593911296462572,0.5234205798583824,10.181691310652534,beras basmati
36.198300283286116,35.65533522190746,12150.680830972615,165.15007642235133,158.25385293970982,133.64238940657282,18.75019854396715,0.5423381832408902,10.051100636259795,beras basmati
39.47126436781609,39.55632183908046,16501.68735632184,158.33160919653355,152.43971221301018,129.34441933119697,21.938625629433602,0.5251330722448281,10.25411750534268,beras basmati
41.004288164665525,36.55831903945111,10273.536020583191,164.87365871309942,157.645342304553,131.31304614341877,21.180257493475942,0.5158212489945154,10.17311440574675,beras basmati
37.603544776119406,39.25466417910448,15233.486007462687,160.00068573436317,150.47884286816577,121.2261926906179,28.72410888216793,0.4609902555070552,10.611753149717927,beras basmati
37.396610169491524,39.87570621468927,15649.760451977401,158.2672900033856,150.18329619656504,124.04528192449818,22.72321395754244,0.5138019258387844,10.36418946637711,beras basmati
37.23250564334086,48.215575620767495,13299.94920993228,159.2071660840262,150.3998405448213,122.35122877758356,27.489522785627642,0.500278514232309,10.421460983813423,beras basmati
36.959375,38.54479166666667,12159.880208333334,160.37505019368857,150.73013839023264,121.65113336036575,26.64958647065619,0.4703817071493502,10.521853911588403,beras basmati
40.456473214285715,41.0390625,13990.62388392857,158.67580429644852,150.31653813145627,123.239032597028,22.30281802805476,0.512785587067229,10.317294177895134,beras basmati
38.12207792207792,37.45887445887446,11277.091774891775,161.3431139672304,152.50698996323067,125.10961547041656,23.45929298985556,0.501315836094766,10.334835248216102,beras basmati
40.09568480300187,39.32457786116323,11853.80487804878,164.3124087983959,155.96965348639455,129.05612335115373,22.898257046505886,0.5077455343060197,10.261773048223722,beras basmati
41.772030651341,38.60057471264368,13828.95019157088,163.5609384185773,155.06292180741895,127.10609994383555,19.31117992874733,0.524141150638752,10.10563836173341,beras basmati
44.052677029360964,39.924870466321245,13053.259067357512,160.58448754212333,151.7208519837333,124.03382882377487,24.824474580465107,0.48742455192879997,10.508459619131047,beras basmati
43.5693112467306,37.99215344376635,9960.073234524847,166.47540706097251,157.07581354783426,127.4276453058075,20.888121541068738,0.4938521540976429,10.252835698789301,beras basmati
37.088592233009706,42.4126213592233,17356.834951456312,158.5530725262713,151.79246484473418,127.77629919637607,22.397918865418035,0.521058950524428,10.232595625624317,beras basmati
39.97794822627037,42.16395014381592,11732.756471716204,160.72734353675884,152.5691514018802,125.45960621903082,25.0236849005508,0.49460624769912004,10.409056760310007,beras basmati
36.932920536635706,40.20743034055727,11727.88028895769,168.18307360559965,161.19762665868816,135.89929399132336,19.916586264564266,0.5371724118321818,10.100512244030746,beras basmati
38.57578947368421,35.04,12080.548421052632,160.08119952745758,153.7344101847915,129.5826138904636,17.67750889017533,0.5437039463214365,10.089926999281765,beras basmati
42.588465298142715,37.286412512218966,11765.199413489736,160.42605387062233,153.04214293259741,127.46820697318279,20.913646993420816,0.5188012842433157,10.240648315382941,beras basmati
37.348722986247544,35.282907662082515,10611.119842829077,168.84534980079994,162.28377477534224,139.2688846371882,17.87476018842315,0.5570913628920608,9.95829922670954,beras basmati
52.3795918367347,42.416326530612245,54275.37959183673,148.15005903499517,148.26336456168116,138.37704678707902,25.36863079323077,0.44221801312832604,10.803436101764614,beras buloq
52.08492569002123,41.43524416135881,29091.099787685776,148.17751572079447,148.94329638684175,140.16747878742547,21.58680321752451,0.49758615357980596,10.449182842522518,beras buloq
50.43333333333333,51.486666666666665,45762.08,145.88996772513016,145.46335762314183,134.84620850655077,26.027837833225696,0.4842052102641417,10.747104006636576,beras buloq
50.86776859504132,61.34710743801653,102966.39669421487,148.2604770303183,149.92699467422,141.31843089280466,20.81693360164663,0.5066575992344136,10.446267682713257,beras buloq
42.01875,45.3125,41681.53125,151.42536953052826,152.89159254075858,144.06474772586503,22.32086903843024,0.5011630145851973,10.482199113213715,beras buloq
39.50555555555555,47.37222222222222,70472.72777777778,147.7780745110544,148.60839269639183,139.8757960456559,20.725054263214822,0.5230683317410595,10.325858830502995,beras buloq
42.99652777777778,44.986111111111114,44561.51388888889,148.88308700698641,151.50091349232594,143.6224555408583,19.96994183810364,0.5209196299578028,10.306459160919712,beras buloq
41.54712643678161,44.39540229885058,32207.698850574714,146.74401883149093,148.85177754550892,140.16842147738726,19.92565594988685,0.5286376545038265,10.29252540710798,beras buloq
45.725400457665906,54.327231121281464,30561.919908466818,149.8334220744625,150.9181499229707,142.4608317815938,22.1437412378117,0.5145224363203207,10.364068787708764,beras buloq
48.91044776119403,50.507462686567166,64380.02985074627,149.45480993323255,150.57087258611006,141.25871303382462,20.454133061869587,0.5292790586820557,10.295489547223983,beras buloq
38.17090069284065,44.812933025404156,32829.4896073903,151.75195730780737,153.5019357376438,145.00760811654908,22.84676524292593,0.5054590256801145,10.382264960454537,beras buloq
47.733333333333334,46.829166666666666,53797.36666666667,147.78796151948433,149.16050334099688,139.89400052555743,20.218637272970714,0.535033172651618,10.292956170053484,beras buloq
45.68089887640449,47.2,31696.678651685394,151.64237029688417,153.04585644539452,143.87725674760645,20.76357532068953,0.513869025954695,10.319282519742963,beras buloq
43.875457875457876,44.72161172161172,48058.08791208791,149.31053219416623,150.57974128598198,140.8495395795278,20.929334592200533,0.5182065626604508,10.368331413051687,beras buloq
47.628571428571426,51.97551020408163,52716.34693877551,152.4222758113662,153.53194311578798,144.80287404796022,23.482184781096255,0.5011805863890585,10.420917650759908,beras buloq
44.83606557377049,54.00409836065574,49386.38524590164,150.7586064132443,151.85655119493785,142.2277082611594,20.75605017616265,0.5078286444203727,10.37575321616388,beras buloq
42.00371747211896,43.71747211895911,47693.08550185874,149.96182819192492,150.98084060977786,141.27049928285356,19.891285281755223,0.5117519171082245,10.350091986834377,beras buloq
45.522222222222226,59.08611111111111,36923.04722222222,148.80481355833228,150.52235300466637,141.24279490924457,23.80644842910701,0.52573108789212,10.36544364681811,beras buloq
49.87089715536105,51.57986870897155,32921.172866520785,152.28409373490908,152.9107247017248,142.52734317588917,21.738413564786374,0.49891020067788544,10.431839431628367,beras buloq
47.721311475409834,46.75409836065574,46280.55737704918,149.79432455370264,150.93247825268224,141.05922371359807,21.412927394604328,0.5241457156113852,10.34049434653375,beras buloq
40.9527027027027,54.97072072072072,32677.344594594593,150.01035974767993,151.3545360659696,142.1987588052196,23.385938541945613,0.5221562684934509,10.355822062686153,beras buloq
42.386986301369866,42.90068493150685,44755.62328767123,150.2694080622218,151.0609563800443,141.25904486987696,22.757028128265315,0.5062278538180186,10.469644530118664,beras buloq
40.45320197044335,41.14778325123153,32716.65024630542,148.48041109287078,150.42925273407974,142.41091383023115,20.028088392430522,0.5362706830057682,10.230023305482476,beras buloq
39.17625899280576,42.76618705035971,45976.46402877698,156.58331602799296,156.7998359355316,146.62356890576444,18.88033262842021,0.5558394672626382,10.263584406155175,beras buloq
41.96498905908096,46.945295404814004,30718.549234135666,153.04717050303918,154.16784785866506,144.59110909024102,22.947134961328228,0.5151398441882843,10.32014888601517,beras buloq
50.0503144654088,57.38364779874214,76815.51572327044,150.91486551700154,151.82297957280906,142.0668189536617,22.850595336546796,0.5062279172853084,10.413355992171772,beras buloq
47.61916461916462,54.54545454545455,32436.302211302213,152.9561932122386,153.67571194662278,143.15531780806458,25.004369772222482,0.5035316049031829,10.469240006571463,beras buloq
40.2196261682243,50.677570093457945,59356.02803738318,148.82204163976547,150.72241643571007,141.87672971387627,21.235471340096293,0.5218859789200994,10.351068908838988,beras buloq
39.93041237113402,42.394329896907216,34029.86082474227,150.68457941625724,152.2668688520933,142.7810178951982,23.427162586834275,0.513737214937145,10.422018638021425,beras buloq
43.80976863753213,49.77634961439589,30427.87146529563,157.8205829882107,158.5333239343191,148.2589490753863,19.84427556721222,0.5476023026851548,10.216978669594678,beras buloq
41.536784741144416,41.52316076294278,33376.61852861036,156.8670046046968,158.86639785157888,150.47454343427185,18.558104220158675,0.5546600134490242,10.100291416568844,beras buloq
45.35424354243543,49.88929889298893,48162.91143911439,155.67021754207084,157.78774434156378,149.45092517138028,16.941045404544,0.5758985490363008,10.000177655436715,beras buloq
44.134199134199136,50.57575757575758,52789.593073593074,156.44983427881184,157.69209526499642,148.07276165674602,18.040216885491656,0.5738879494128339,10.176338868430896,beras buloq
40.45263157894737,40.963157894736845,66310.86315789474,149.38936384256633,150.95754475111804,142.2253803238116,19.18131576563805,0.5548696583003678,10.134418221043763,beras buloq
35.85294117647059,45.470588235294116,43833.163398692814,148.9878003911827,149.21457186752014,138.67476761634435,27.88164835139591,0.4921744674752173,10.648147878537783,beras buloq
39.697435897435895,48.48717948717949,64532.610256410255,147.07586964666268,147.82746469054442,138.27701404635928,24.203655982047692,0.5099189764682216,10.414804616333074,beras buloq
36.829508196721314,42.10819672131147,42822.255737704916,151.20117121887336,151.87923390324494,142.05863754645375,27.328637932596134,0.4923665717435166,10.542124147395262,beras buloq
37.11256544502618,42.74869109947644,33615.46073298429,148.817033343044,150.4378733360628,142.78208820179304,22.328692080950805,0.5282573477146726,10.304093120744172,beras buloq
47.97041420118343,53.633136094674555,75198.48520710059,149.95246805319348,151.84005666309733,144.6134364239523,21.46031499902861,0.5213756436751098,10.281186750990377,beras buloq
41.56043956043956,47.40934065934066,39895.381868131866,156.86795803873247,158.82527691825186,150.02606996212836,20.75974801652936,0.5486053142753579,10.138685167928408,beras buloq
39.957104557640754,43.1313672922252,33042.809651474534,154.89477762555637,156.87794674679284,148.72253076577852,17.52298573043177,0.5710687103329002,10.054881466350762,beras buloq
42.97289156626506,51.45180722891566,35159.99397590361,154.18178505487842,155.52765877280694,145.98616351922712,16.139743530420215,0.582090151042965,9.965209475862475,beras buloq
37.90822784810127,48.38291139240506,41323.47784810127,154.8447863520408,156.25203514083103,147.7146446975781,17.351345783516848,0.5733783969136481,9.958789021188208,beras buloq
45.826771653543304,50.21259842519685,94404.02362204724,159.5950205072384,161.98142160992484,153.83184950291843,13.374586667559294,0.6233570579216257,9.631324280976106,beras buloq
38.38563829787234,44.9468085106383,33925.51063829787,155.29633869848092,157.25200536908434,148.51889160853383,17.35220181977852,0.5744042138515044,10.027831600354968,beras buloq
41.57878787878788,48.4969696969697,41874.08484848485,150.4877642222012,151.32267340771185,142.02012455252162,20.74911303354179,0.548772757637415,10.203617025071287,beras buloq
41.67134831460674,43.04494382022472,37610.550561797754,151.63903299070398,153.27351885970435,144.65039562796568,20.42291858647197,0.5267262636563746,10.258183244831448,beras buloq
43.53299492385787,51.24111675126903,33411.69035532995,151.5058231240027,153.09082679175063,144.38350930650037,20.600896680344864,0.5220143517258323,10.258924914220096,beras buloq
34.11282051282051,42.1025641025641,63961.08717948718,150.50031904158269,151.55243600140673,142.38727998433168,23.586912539577526,0.5002178328047481,10.515204164461334,beras buloq
43.68454258675079,48.83596214511041,42556.40694006309,152.26802101048753,153.71036396329364,144.77571278318425,25.396322883685396,0.49860278016404314,10.402866564131061,beras buloq
65.15789473684211,62.08771929824562,147786.77192982455,155.43098523649428,144.73270646993365,146.38925681190685,58.48013772716055,0.4154293304139261,11.600228344957202,Beras hitam
64.51724137931035,66.62068965517241,144457.94827586206,156.41534777008798,146.98730714797492,149.0867282146269,63.8425612795289,0.41389060070581896,11.618586872186059,Beras hitam
43.48076923076923,46.07692307692308,90080.10576923077,149.87158002186214,139.17807162409716,142.4211162715472,54.2695131800377,0.3609341394786809,11.913582245592332,Beras hitam
49.023809523809526,52.45238095238095,102071.42857142857,157.5743647381792,147.8577375539336,150.82042920852754,55.094179248775255,0.4233648916808479,11.479319603283129,Beras hitam
45.84761904761905,45.60952380952381,92394.39047619047,153.07199062591857,140.85150221836417,144.94734280189698,66.11326441068212,0.3363474646906538,11.891817395998618,Beras hitam
44.24324324324324,42.72072072072072,85627.31531531531,148.2461617411239,135.85957364234272,139.36368484990447,54.76505947786547,0.3356060474706748,11.95515830113015,Beras hitam
47.53932584269663,51.06741573033708,113024.0,149.8781697478374,139.1443340839422,142.70600006495653,51.31388677218048,0.34125971905975305,11.93024149567936,Beras hitam
73.72,82.58,196185.4,149.17575836758314,139.4641649049666,142.59623368541088,52.891049490283486,0.35757039493263193,11.794286342858495,Beras hitam
44.175824175824175,52.53846153846154,100717.7032967033,152.1351067288412,142.72347649032605,145.7919465046821,52.493651105414045,0.3810533294294208,11.704623454674248,Beras hitam
63.067796610169495,65.15254237288136,145935.71186440677,156.9491614209341,148.55850607507662,151.37583082036826,45.630915871834446,0.43830166181199737,11.215444523428753,Beras hitam
42.12820512820513,45.58974358974359,86636.82905982906,150.6723897313555,139.29681939326656,143.3442642392605,43.23502535455687,0.3468052642098316,11.825480104002496,Beras hitam
43.833333333333336,43.127450980392155,84791.66666666667,157.97218498703492,148.33404293430334,151.64181849437304,47.8789632493476,0.40384235453233486,11.490200795702068,Beras hitam
46.872093023255815,46.86046511627907,92588.70930232559,157.81845705585474,149.5932196856366,152.19798039296737,44.0231005085351,0.45276898535671073,11.226529412801952,Beras hitam
48.05813953488372,50.08139534883721,95750.1511627907,159.63262517584192,151.48299967652954,154.09084057041025,50.60558724054734,0.43460863920120235,11.215807752323334,Beras hitam
50.61538461538461,55.26923076923077,115980.51282051283,152.55409181901928,143.24401883149093,146.19873026371042,54.57072316604447,0.38741420610630245,11.648797858306668,Beras hitam
59.440677966101696,67.52542372881356,135124.5593220339,154.07826409884942,146.71718456383323,150.3047189940791,39.458697193868176,0.4314910652004066,11.281421131840387,Beras hitam
61.73134328358209,65.61194029850746,143877.68656716417,150.90304072053203,141.28159717301273,144.73734749976379,53.25669601835662,0.3833034778489683,11.631765107581604,Beras hitam
51.69736842105263,53.61842105263158,116959.17105263157,151.04482796687347,142.15609367782605,146.3373037197132,50.17780711634086,0.4096428726810834,11.516095115943886,Beras hitam
71.0,70.23214285714286,165570.625,151.7880206528985,143.14117688452694,147.00153533635677,47.82027102728291,0.4000282479674404,11.487057967336318,Beras hitam
45.92553191489362,51.5,99829.78723404255,150.60216761280128,141.38435735019314,145.82348905515138,48.697851114340324,0.38586615047474015,11.596803611995798,Beras hitam
48.333333333333336,49.70967741935484,106998.31182795699,154.02728223812673,144.6146411544942,148.95446661496388,47.147285986012,0.39575825677454535,11.49812852796291,Beras hitam
62.523809523809526,63.65079365079365,137818.0,152.2768002310878,143.15688381834215,146.34707246131475,45.87128722781428,0.40952786226444404,11.471845151950012,Beras hitam
50.325581395348834,51.174418604651166,102477.95348837209,155.3216866752488,146.5140959788622,150.66076054264298,48.21943153088229,0.4106428331277237,11.414871527383784,Beras hitam
59.83870967741935,64.51612903225806,139339.64516129033,151.08596153063849,142.93310403347294,146.9728799071712,41.48230710715206,0.40630222187442644,11.429309424600802,Beras hitam
67.0625,71.6875,152141.25,157.50579007162278,149.68846663858443,152.27703340209538,37.2495669772485,0.4816427223928311,10.938557324770777,Beras hitam
68.52083333333333,66.35416666666667,139769.0,161.4696850624895,155.6041733919648,158.70099308048836,34.1761299120762,0.5062248574138448,10.779280773431537,Beras hitam
67.02,65.08,133737.18,161.78803041278238,155.96739854313637,159.02652227943645,33.24836086366955,0.5089124589907617,10.762914974007035,Beras hitam
48.1578947368421,49.86842105263158,91843.5,159.6683499595826,153.05810116291886,156.34925318024585,40.37849593263813,0.4720091153615483,11.00175746744795,Beras hitam
71.41509433962264,67.28301886792453,161840.05660377358,150.65288899124462,139.88821488278953,142.93783035976736,39.77990104962483,0.4257492084220137,11.520016230928242,Beras hitam
53.554054054054056,55.82432432432432,109514.37837837837,157.2473909943993,148.61184826940035,151.8666197044018,43.45423840503232,0.4189734450544491,11.28958894230726,Beras hitam
48.29761904761905,48.535714285714285,104110.91666666667,155.77398610389372,146.90177915301922,150.22661375989438,44.816467679667525,0.4432270420892233,11.232378402197657,Beras hitam
41.2,39.91818181818182,78479.64545454546,156.5608204798123,147.8823022795152,151.61126243031933,40.06889016219565,0.4462983285475871,11.274709186571245,Beras hitam
71.40816326530613,69.20408163265306,162415.6530612245,151.84863248443668,143.20864368123793,145.88915995121042,35.01956453893168,0.44363372832079145,11.260887127587468,Beras hitam
49.52808988764045,49.247191011235955,104462.84269662922,154.71074320449628,144.97809045493196,149.01409056581736,44.794928366649344,0.426024645226011,11.350284104667468,Beras hitam
72.82608695652173,82.73913043478261,197208.63043478262,150.03117766203704,142.0478089962837,145.6768691899985,36.62801163303561,0.4338072073942497,11.406072556692315,Beras hitam
52.53846153846154,53.88461538461539,113839.85897435897,155.0689429176377,145.41111206249474,149.33566635566262,44.177485261802374,0.43374871438027174,11.437292441318876,Beras hitam
49.32222222222222,47.5,86616.23333333334,152.39432621042243,145.30285953115813,148.1931838611216,40.74590154385163,0.43411495185293,11.317906907746439,Beras hitam
50.1875,53.0875,107079.4125,157.32105392311246,149.0372174718653,152.59954286016102,39.69726918361346,0.4713346403640575,11.130757724104285,Beras hitam
47.369565217391305,48.15217391304348,90326.67391304347,156.82136090836798,148.07454910976736,151.25654346904656,41.45149267323535,0.45417705218834,11.271165047338547,Beras hitam
53.050632911392405,52.037974683544306,105319.62025316455,158.65435264576507,150.76051762815464,153.51752325640905,40.12938084802231,0.4692036400985346,11.1127165938418,Beras hitam
43.267857142857146,40.357142857142854,82103.79464285714,153.28944436570924,143.62396815882988,148.06363928190873,43.635394843238885,0.4518583955086563,11.136316216841761,Beras hitam
42.77142857142857,46.46666666666667,88957.25714285714,150.0576435965976,140.50190563783383,144.08382780677857,37.94125272710805,0.4060109752248793,11.557774631801045,Beras hitam
48.41304347826087,45.79347826086956,88215.48913043478,154.81707205451625,146.79165452832368,149.62094456320335,44.03202161405416,0.45059544325212053,11.152290338196387,Beras hitam
50.42857142857143,54.02597402597402,102602.25974025975,153.35282603589275,146.58848425558494,149.2979321840619,33.805577707155194,0.47941142576683726,11.09957304771806,Beras hitam
57.779411764705884,51.64705882352941,109781.58823529411,157.0941497451604,150.20398583816242,152.90387966046757,37.24197529587975,0.4870179938229232,10.958573456589917,Beras hitam
61.57377049180328,53.08196721311475,108793.31147540984,156.95875259826153,150.52061180857373,152.89918950315464,31.80160141297671,0.4693567196739471,10.995335416017648,Beras hitam
81.7560975609756,70.39024390243902,129355.29268292683,160.57166354678444,156.1057567075827,157.37567851697005,29.52559929101755,0.5114167916024371,10.58804470920018,Beras hitam
56.03703703703704,66.16666666666667,115112.48148148147,163.4556726577591,157.59868021765033,159.19567533803644,34.067490263141316,0.5140327475932965,10.833049390982264,Beras hitam
69.08695652173913,64.6304347826087,133192.5652173913,158.67955135372048,153.3560342491549,155.20218846122552,31.938218368172063,0.5065101624278018,10.75382895454831,Beras hitam
58.21818181818182,68.6,133431.94545454546,156.90129968847106,149.97720271557696,152.40882464096748,35.98182354593618,0.4800555427414048,11.13477726951318,Beras hitam
54.50684931506849,46.71232876712329,100630.97260273973,152.9318254066673,146.18200165868816,148.96866732804233,35.14009598698339,0.4690571357010913,10.954320908884021,Beras hitam
56.276923076923076,59.63076923076923,115657.01538461538,157.70365523234756,150.73061170359347,153.49134167073464,36.91679727906159,0.47505010492162164,11.122393020071613,Beras hitam
80.65853658536585,80.48780487804878,180931.07317073172,159.17321440053644,152.43934068129565,155.08187008889203,33.718716444428686,0.4668523896555155,11.136106691407248,Beras hitam
66.43333333333334,52.46666666666667,115462.61666666667,155.96538366021562,149.84507742622512,152.09872655659484,36.90595587598255,0.46684531740656454,11.053522514217027,Beras hitam
49.89333333333333,50.46666666666667,91972.70666666667,158.60699030769715,152.1200048258115,154.6262200675023,34.057745446287456,0.4711247413848646,11.115661060622525,Beras hitam
35.457364341085274,40.08139534883721,25672.81395348837,142.33026364480978,144.75270356985385,135.57947662089526,13.486361752358901,0.5785279884498905,9.898613135477223,Beras ir42
38.16564417177914,40.50153374233129,22145.159509202455,147.6643589052133,152.39856421445893,144.6019537975298,12.06157849345494,0.587144561891914,9.82153835301623,Beras ir42
39.78112175102599,39.49521203830369,22487.987688098496,155.24958598408497,159.98705535937367,152.61823508820964,8.093694785086823,0.6789864049965995,9.206664424008915,Beras ir42
34.1875,38.15953947368421,22650.55427631579,157.19933890319243,161.75764412149888,154.1458060220616,8.774900695199241,0.6648422715467583,9.332533184863799,Beras ir42
39.430141287284144,43.16326530612245,23476.130298273154,152.30565184214117,155.57036211957777,146.90280681138196,9.19051524292593,0.6489744696771005,9.415141463594779,Beras ir42
40.407766990291265,38.86084142394822,24298.644012944984,142.19647064554988,144.88253914123518,135.5813550294732,10.198498925565373,0.6032643514757491,9.710996176094643,Beras ir42
37.46658097686375,39.911311053984576,18395.62467866324,145.66658579905726,149.65437372383366,141.30965856153418,12.181670191232302,0.588410961371699,9.791693045857894,Beras ir42
36.376673040152966,38.281070745697896,26505.734225621414,145.35935326580477,147.4175968082063,136.622093112901,12.828337655356554,0.5745053183857619,9.889877349597096,Beras ir42
36.667396061269145,39.7636761487965,17818.210065645515,148.89283811518433,152.4829049482447,143.44028394536826,16.079691200137567,0.5643305811476453,9.878365758863813,Beras ir42
40.13322091062395,42.66610455311973,25222.31365935919,151.97882334839798,155.74139965592718,146.51976622535588,9.29281994457834,0.6288913044572183,9.477682761613567,Beras ir42
36.363511659807955,44.648834019204386,24770.460905349795,145.51093074189552,148.7301475760057,138.81118184156378,13.395062047451024,0.5696391827306643,9.854652749827126,Beras ir42
39.05438596491228,45.39298245614035,30626.898245614037,142.59462281247374,144.87335837112622,134.89330576945284,14.576438278751791,0.5590721408681862,10.049582636061794,Beras ir42
38.19704433497537,44.40886699507389,20804.636699507388,146.96039890203767,149.77739148321365,139.51396483554842,14.788445495907041,0.5726547839903904,9.969459151458047,Beras ir42
40.06517690875233,43.411545623836126,26734.443202979517,150.01431176251364,152.27729995354622,141.95279185169437,12.125637884026695,0.611317254611997,9.748179512324457,Beras ir42
33.05283505154639,33.253865979381445,18386.369845360823,143.84000540320295,147.13854753900017,137.50952777909004,10.814070384328614,0.6018930914809647,9.717808187717404,Beras ir42
32.68775933609958,41.385892116182575,18230.79460580913,140.06617430922987,141.8920076228794,131.1860871952948,14.390504642975285,0.542452088219699,9.987627266371726,Beras ir42
40.234468937875754,45.09418837675351,31312.240480961926,140.1633563436949,140.94631817812,130.81847116257768,11.26057156377823,0.6098186692198063,9.714099587297214,Beras ir42
38.72727272727273,40.93423597678917,28378.40425531915,150.67984554450638,153.5487274095595,143.57773813132505,12.751019301755331,0.5774114988984869,9.833788116285595,Beras ir42
39.72669826224329,43.84992101105845,24570.976303317537,147.95919171102082,150.850840760687,141.0917356091742,11.285389477629181,0.5900936747693604,9.792563711359959,Beras ir42
42.87339743589744,46.669871794871796,25547.03846153846,144.37741044527377,146.59659389894074,136.78457877653375,11.103721091342043,0.6181400842275162,9.678620099150693,Beras ir42
41.1948051948052,38.868506493506494,22857.271103896102,148.05266006865708,150.2348162451709,140.10122533291866,8.568243253443178,0.631342883439444,9.501394590066857,Beras ir42
41.3871473354232,42.0141065830721,22428.510971786833,157.33570974203724,160.1193624778229,151.07188310316408,9.833281318095658,0.6390931429949523,9.528268045610996,Beras ir42
38.1711079943899,40.420757363253855,22200.938288920057,157.03614773938125,159.77060819987716,150.3966403691106,9.566840729014068,0.6280563427610868,9.515217134074694,Beras ir42
44.68604651162791,45.70232558139535,31799.704651162792,144.1786615639697,146.7810967124118,138.0809957181175,11.555007426528887,0.6121397084386673,9.839980207890175,Beras ir42
41.02145922746781,40.874105865522175,22552.121602288986,151.4435758967939,153.92449401153206,144.5196811749391,12.658645080178946,0.6000876989821127,9.654647135336319,Beras ir42
40.04,41.46705882352941,19926.73294117647,154.2086092345889,155.68779566707084,144.30219520292684,17.4515332024584,0.5376271877018992,10.0559359930009,Beras ir42
42.790143084260734,41.67408585055644,23203.100158982514,147.30946598836292,149.14076893778343,139.16799171443267,15.118139157333461,0.5696745939043486,10.011814220297136,Beras ir42
33.55929203539823,37.67964601769911,23721.748672566373,149.01545817979968,151.424046041063,141.91272154116274,11.324899152791561,0.6095237312526156,9.75067441712963,Beras ir42
39.34228187919463,39.63255033557047,23183.760067114094,155.28545199908666,157.21298879794972,147.0635022334551,10.411924993699099,0.63470791644362,9.680766966357114,Beras ir42
42.299843014128726,46.285714285714285,25115.574568288856,147.39438321142498,149.14970144597189,138.8340007781662,12.423149045151197,0.5872271468746704,9.825472710245013,Beras ir42
38.644007155635066,42.08407871198569,26062.74060822898,152.67470167561623,154.73860004553518,144.63386172852628,11.401303465757238,0.6020521946954042,9.724564121506587,Beras ir42
38.13846153846154,41.69692307692308,22771.973846153847,150.58974549503444,152.9892412453021,143.4532749249391,10.431523826588748,0.6013852483147724,9.6856309905474,Beras ir42
41.49562682215743,41.033527696793,21272.819241982506,148.7565443712207,150.1456183698402,139.6194660638175,14.292152853257301,0.5717239473507214,9.904729014167245,Beras ir42
42.442280945758,40.12378303198887,21316.34492350487,155.93521077412444,158.38255800487633,149.22569370630197,8.383858834911184,0.6460091595123674,9.40066201743872,Beras ir42
37.713163064833005,37.90373280943025,26384.20039292731,152.72590678343096,155.2936707234977,146.1527498923952,9.498670904021552,0.6101975962796496,9.663510187187816,Beras ir42
39.13107822410148,37.04862579281184,30764.602536997885,149.72366053385088,152.2146632331559,143.45506451037204,10.090418317371057,0.6159854311347112,9.674413677004017,Beras ir42
36.84146341463415,35.02981029810298,19320.256097560974,152.41276697793313,154.2291286933369,143.8682219656767,11.259672947219466,0.5923341788723807,9.701771109804195,Beras ir42
33.4080370942813,34.88562596599691,21183.843894899535,139.65720786289052,141.4795915906872,132.99435263592318,10.848950046994212,0.5912851059166855,9.753121193974353,Beras ir42
37.961871750433275,44.85961871750433,28526.33622183709,150.61861154087404,151.9005310361027,141.57413985077054,13.366239780728698,0.5731392500255995,9.987966310423563,Beras ir42
38.207317073170735,44.76829268292683,75256.06707317074,150.41924557245736,152.7703256553393,145.0804419472264,15.30376250662907,0.5493668965382066,9.997180139854871,Beras ir42
37.23389830508474,42.0864406779661,26724.022033898305,153.71721056285168,156.62925875404173,149.5450998493533,12.301576964174135,0.6004724815934852,9.623067841885078,Beras ir42
36.309309309309306,44.03603603603604,27419.298798798798,144.5153896965808,146.39625235221402,138.88440131067858,13.472420109845679,0.5701435330820793,9.796826477639334,Beras ir42
44.69949494949495,36.35858585858586,21021.136363636364,147.6757252331874,147.62463511156776,137.73218960616654,14.004540866485794,0.5606766531876318,9.964759692577214,Beras ir42
36.89985895627645,44.94499294781382,21189.937940761636,150.45872553303727,152.04524747784916,143.73117835097,17.26304392842703,0.543717929590273,10.084819096728062,Beras ir42
38.24191279887482,45.67229254571027,22527.815752461323,152.23298967059816,154.98835309586798,147.67414610037687,14.25168106028386,0.5604182269147964,9.840121051035421,Beras ir42
36.54883227176221,43.99787685774947,17706.610403397026,155.87255666637796,157.61366664238997,148.2454463170299,18.53574866171521,0.5440167755848395,9.954649157141858,Beras ir42
36.74362244897959,43.27168367346939,22235.942602040817,155.3975213011516,157.81316555846874,148.4674628435479,11.108672302033614,0.5927239467369398,9.632801009840854,Beras ir42
40.857490864799026,44.86358099878197,21012.638246041413,150.4500491602891,152.14453936956727,142.31820100243027,13.475713970669313,0.5811515177277017,9.85024535235111,Beras ir42
39.49273607748184,41.077481840193705,14525.21186440678,150.68938144316368,153.20609003632316,144.92231608113923,13.81746991648683,0.5743282359754861,9.793901990062812,Beras ir42
33.783616692426584,36.87789799072643,22263.984544049457,147.52784962364575,149.7868865379871,141.3812575618596,15.22681301818335,0.5694658798358195,9.944012455000252,Beras ir42
36.295838020247466,39.14060742407199,18414.11811023622,149.0245739933705,151.31306246456916,142.64263299359095,13.215642130570389,0.5834926054839527,9.649810526537324,Beras ir42
35.410546139359695,37.845574387947266,24567.16384180791,146.95764997742924,149.0733799740961,140.00294190785883,15.761771852306918,0.5418279741885448,10.119902134220533,Beras ir42
37.6447963800905,38.54524886877828,16372.969457013574,152.7620912659045,154.82367678938857,145.08902465789555,10.413982959348697,0.5973172672666237,9.565327152351214,Beras ir42
38.29662261380323,40.66079295154185,18008.45227606461,155.88411072858926,157.3821991856156,147.04891629201833,12.933974367809755,0.578615219975874,9.909430391952137,Beras ir42
36.15133171912833,40.926150121065376,15509.646489104116,154.5305055423018,156.41606754102102,146.37301587301587,14.508868187808808,0.5657167675397068,9.803954630889852,Beras ir42
33.01418439716312,40.139479905437355,15368.040189125295,153.83428980195472,155.80987114656818,145.7295723169669,12.115158372451418,0.5871475995522661,9.689853363576598,Beras ir42
37.09884678747941,41.16474464579901,18939.8863261944,149.91594632162278,152.32382712440685,143.62953375312316,16.056265227173682,0.5501702741859501,10.03616833720076,Beras ir42
37.95744680851064,37.776595744680854,17780.20425531915,154.5875062988158,156.6041525599437,147.13643587739878,13.596841542880247,0.5768225380566312,9.707770913816375,Beras ir42
36.347275031685676,39.162230671736374,21867.176172370087,152.55040553547806,154.9702376031431,146.10811999375366,13.870845262379953,0.5707270278175532,9.814816207815753,Beras ir42
36.79839786381842,43.97196261682243,17982.016021361815,149.781889231387,151.59033527087533,140.05805211745192,17.690764243314486,0.519947282032871,10.269163473892439,beras japonica
33.91095890410959,36.02328767123288,17979.2301369863,162.03210927986163,165.23990032452022,156.02996071113628,11.069046043822757,0.5893661121385698,9.731871555764407,beras japonica
41.736196319018404,45.81901840490798,19369.188650306747,152.5379339621651,155.47774721867913,145.98580297763394,17.241062075673806,0.522659524771852,10.247968414408662,beras japonica
37.12210200927357,41.276661514683155,20181.774343122102,160.51748741549088,164.9753384957378,157.54733912758775,12.116393939453609,0.590365687575842,9.749753185045213,beras japonica
39.669064748201436,43.670263788968825,11965.227817745803,155.29860512395544,159.25793421149322,151.4980276012797,14.805377604371778,0.5603538974220449,9.956055699311687,beras japonica
39.45348837209303,43.174418604651166,23356.471760797343,154.52206037218127,157.86345323719766,148.61042554077957,15.366720306354983,0.5321439200804312,10.116784955108404,beras japonica
36.984756097560975,39.545731707317074,20145.294207317074,157.30223202803498,160.73399584081318,151.75579942142753,13.60828309022363,0.5479809211704489,10.01916401349675,beras japonica
40.59738372093023,42.75,18018.136627906977,154.45859069901107,157.18400161472766,147.49132739998004,14.640675292335482,0.5612437922234402,10.049915490959384,beras japonica
39.489414694894144,45.47945205479452,16700.744707347447,151.93432221461114,155.03764059153752,145.62645069601913,17.80946063644335,0.5308799545357519,10.200450104799089,beras japonica
38.61614730878187,42.04674220963173,16237.451841359773,158.2530214632149,160.87781035446585,150.86802701404636,14.413376661862232,0.57392218254827,9.925373567471883,beras japonica
38.86447931526391,43.04279600570614,17231.79457917261,152.3012912244373,154.36124979988136,143.96069850586838,17.05318270901921,0.5318269919879701,10.256334481475298,beras japonica
36.14249684741488,39.049180327868854,14502.498108448928,154.16713645334676,158.16405372430606,150.36596160937367,12.35218713408839,0.5851621203668702,9.808093645959197,beras japonica
38.22089947089947,42.70899470899471,16117.95634920635,152.48576967920656,155.22676975400498,145.93191759246136,14.451751518779307,0.5803564702966306,9.92332303143272,beras japonica
34.054398148148145,38.107638888888886,12141.005787037036,157.6292007688492,161.3257372731114,153.17364014471528,11.296992895735867,0.6164874135359372,9.591595608361729,beras japonica
38.471177944862156,41.48245614035088,17929.527568922305,149.63371975912278,151.10226980452674,139.74712222852102,20.308502128522594,0.5153977693564772,10.391061701523963,beras japonica
38.873053892215566,33.131736526946106,19867.170059880238,155.56919815090387,158.3380072515117,148.70977755010182,15.094512157105187,0.5477553820977559,9.956612369794453,beras japonica
40.44692737430167,38.59590316573557,25183.03910614525,145.19457329131498,148.01807604311014,139.0650402763343,16.32297044138089,0.5400531101492942,10.186702697689604,beras japonica
35.58800521512386,34.84876140808344,18215.595827900914,148.35437096810173,150.5205070743575,139.29693593776244,15.850317119046966,0.5193620572326055,10.099082949280566,beras japonica
42.42035928143713,37.604790419161674,19350.925748502996,153.57689960146865,155.7629282374601,144.37952161478017,16.310094781317805,0.5253054463312298,10.086129904751042,beras japonica
54.108156028368796,48.13475177304964,24733.629432624115,147.46961239646322,148.95460407349668,135.85893203249663,19.197485443500703,0.4809988223957807,10.508470874145564,beras japonica
35.108036890645586,33.33201581027668,18254.640316205532,154.1270079115751,157.35764717248782,147.52774628369866,15.719011982532201,0.5385396376656486,10.041057789887597,beras japonica
43.061357702349866,35.80417754569191,17785.271540469974,155.27353714923467,157.56928156100403,145.82419176679159,15.59266568682657,0.5177583046336229,9.996972182879123,beras japonica
41.84559710494572,36.78769601930036,14507.689987937274,153.92348349447803,156.8461784887566,146.21812782790585,14.98925957755963,0.5244122890182048,9.995238065464683,beras japonica
44.928388746803066,38.46547314578005,16848.154731457802,148.98879155250063,152.31431632259384,142.9228992136978,14.385122525952967,0.5324217561042104,9.996782548071847,beras japonica
34.61309523809524,32.996428571428574,16683.010714285716,148.38307298227932,151.3902594554411,141.2965676046653,13.066920847558407,0.5498456215960345,9.927085718379534,beras japonica
40.59196102314251,36.401948842874546,15216.252131546895,150.47220303051776,153.90943500278198,144.83764465952274,15.796740850341074,0.5245285414037152,10.087239366421315,beras japonica
38.291120815138285,38.572052401746724,20643.445414847163,148.3091991088488,151.64776349390064,142.56723575811498,12.79439871747922,0.5462353879257495,9.918830614666968,beras japonica
42.548850574712645,39.77729885057471,16697.17959770115,154.36402357528658,156.89000602652325,146.05535699522864,14.997579194444121,0.5299622094315324,10.054095213838844,beras japonica
45.48899371069182,38.34748427672956,22539.349056603773,154.6626999709992,157.66222477127425,147.65367527701667,14.427874777353814,0.5378649882082774,9.966076559547384,beras japonica
41.5669099756691,40.71289537712895,17443.744525547445,155.75452981636326,158.12102575887607,146.6840133429915,14.766055792476035,0.5190790719087934,10.017895647925165,beras japonica
40.251724137931035,37.54137931034483,15211.229885057472,152.1431732318699,154.36619240192218,142.75871557631538,16.94088440249443,0.50587824517522,10.174440128819779,beras japonica
32.772277227722775,34.75813295615276,19964.818953323906,154.89528554959793,157.92620428765642,148.72170814699336,13.45790941735058,0.534547054219795,9.982085134973614,beras japonica
42.884469696969695,48.47159090909091,26847.810606060608,155.33036665669354,159.16608172975978,151.55750917265053,13.75384346662361,0.5667711873077762,9.87192375544469,beras japonica
33.45619335347432,38.64350453172205,18881.457703927492,153.85460635353678,158.09435658908623,150.4961773241318,11.71466729610027,0.5571959166472558,9.857166311818734,beras japonica
42.75052854122622,46.59196617336152,26867.7399577167,148.2831561299288,150.99484063011778,141.43227575559544,15.323269369358725,0.5341171373548144,10.076282961138483,beras japonica
35.57017543859649,37.27368421052632,23609.92105263158,152.44665747761294,156.2512776426157,147.99792631172838,13.589503784477733,0.5499290388196522,9.962228171005828,beras japonica
35.353591160220994,39.08425414364641,15641.388121546961,155.92159786850695,159.13017536296925,149.84949791548564,12.983244858203511,0.5482879709090606,9.944222787823692,beras japonica
39.1792618629174,43.7311072056239,27421.251318101935,154.25473674230494,157.84772932610542,149.35104842477114,13.068885403703877,0.5583469152212008,9.929732189998628,beras japonica
39.462287104622874,44.47931873479319,33772.89537712895,152.74220242688125,156.67750907751216,148.7080963895975,11.299563876024553,0.5939285886837175,9.802331865715123,beras japonica
38.298737727910236,40.6437587657784,23701.55399719495,152.31369529872134,155.70227178930986,146.6357963999643,14.26057500958262,0.5381824393906897,10.033201670587786,beras japonica
41.232686980609415,46.433518005540165,17762.25484764543,152.55936715928655,155.73264233355377,146.0473352728437,14.482681797357825,0.5292901341947666,10.084492421038615,beras japonica
34.90271132376395,39.24401913875598,22139.232854864433,149.8946808468758,153.7820914824263,145.55520944874863,12.80193491761574,0.5515758805658063,9.94965015136668,beras japonica
38.08502538071066,41.486040609137056,14298.532994923858,151.08488146415974,154.56999460663894,145.65126556988534,14.356806481000161,0.5366792182579497,10.046353436623473,beras japonica
41.27170418006431,44.29903536977492,26012.49356913183,152.61742764235322,156.36074171180817,147.8492054470322,13.321709650615125,0.5530373749385421,9.990493471713714,beras japonica
40.369565217391305,47.844202898550726,45133.166666666664,151.532155208727,154.80955883028363,146.6186759233014,11.773007389773642,0.5951289374252028,9.908783372926544,beras japonica
37.61275964391692,42.12314540059347,19824.182492581604,153.38905144426596,156.2014431013532,146.3437489337942,12.587948578097022,0.5425498187564854,10.034814195343094,beras japonica
34.38326585695007,36.59649122807018,19129.92847503374,150.21032861447048,154.15621530730346,146.0520362562463,12.72955276084411,0.5531618330352048,9.93521041759129,beras japonica
39.152741514360315,43.234986945169716,18481.740208877283,153.5983800397088,156.5366527928687,146.41313604917275,14.679477839211547,0.5244723715934464,10.106173971534949,beras japonica
39.8875171467764,40.71604938271605,14768.279835390946,153.7518659421716,156.6713111411617,147.05480420852754,13.971549141764987,0.5451650287996304,10.031700122958112,beras japonica
39.74373259052925,40.20891364902507,21882.6504178273,151.73342861932582,154.85314753795035,145.53676302214558,13.377683871403892,0.545886266944978,10.009356156618592,beras japonica
41.58977900552486,46.38121546961326,15161.736187845303,157.18250236533655,160.55986688174497,151.37654747469975,11.546374619977003,0.5836866784187437,9.75265007775002,beras japonica
37.95262267343485,41.82233502538071,25108.307952622672,151.2113623420047,154.66285137222326,146.19115938234862,12.901269499971118,0.5621592855777661,9.954420989239848,beras japonica
36.89324324324324,37.7027027027027,21410.955405405406,152.62144953467498,155.23532310300664,145.13382564156063,13.206338540764195,0.5462100976884408,10.056651902180642,beras japonica
41.169364881693646,42.58530510585305,17242.318804483188,152.0793664736342,155.41241545808137,146.17238964933966,14.922023743889444,0.538232903481492,10.091823411403219,beras japonica
40.16520650813517,43.829787234042556,15377.212765957447,152.6890867602828,155.70584062618101,146.2627038421464,15.310066277586126,0.5410238285687173,10.073890837461402,beras japonica
37.722811671087534,40.48143236074271,16270.635278514588,152.22401033137018,155.85247468007265,147.31318663653732,12.409648465599716,0.5602875930251501,9.93823375393323,beras japonica
43.423780487804876,46.271341463414636,23211.361280487807,162.61663233483978,165.76539043472326,156.470625948103,10.398588418027924,0.6013232877074384,9.647701167494315,beras japonica
36.82896764252696,39.71032357473035,18541.098613251157,150.20463589563911,153.25797185675967,144.07161089262092,14.602285175427543,0.5411746803754368,10.080145245269827,beras japonica
66.8,75.90196078431373,55509.643137254905,141.8694620450418,147.52810174031032,142.96698231279393,18.645717324585583,0.5332932565081389,10.269821127831925,Beras ketan
62.381107491856675,73.63843648208469,49402.57654723127,143.0117156333984,148.64879066016837,144.11364761471717,16.56115736693288,0.5587108014504403,10.14184699279377,Beras ketan
80.5233644859813,93.08878504672897,87214.03738317757,142.52796272347672,148.2516369539714,143.8194113100487,15.14593358983245,0.5678144822912989,10.078041770761129,Beras ketan
69.43298969072166,75.95189003436425,59452.6323024055,143.80422796529876,149.83796624359618,145.80716798679347,15.577485146942228,0.5546138524301464,10.087725199134885,Beras ketan
71.80090497737557,88.58823529411765,70344.90497737557,142.85864259862896,147.61872357449923,142.93120881164964,15.98278558170429,0.5275031376112898,10.198909850412704,Beras ketan
94.47457627118644,102.5819209039548,102027.39548022598,143.08459621309942,148.14006048503506,143.92786707661458,15.22689194351244,0.5511703253841729,10.135849447185068,Beras ketan
62.01748251748252,68.45104895104895,50021.006993006995,145.6946841767185,152.31500074470372,148.67713098453115,17.507566986437315,0.5650576567810442,10.068250530200023,Beras ketan
66.79537953795379,78.2112211221122,52482.48184818482,144.49192800191062,149.9945232288517,145.22721132723922,16.985334574479257,0.5449772024185353,10.19112521056254,Beras ketan
78.37327188940093,91.53917050691244,71448.29032258065,144.0229214563912,149.21689447383892,144.32113716918093,17.28807794343893,0.5421441004094836,10.209675685532186,Beras ketan
58.11634349030471,61.51523545706371,42451.432132963986,145.0261546844818,150.6173881107227,146.23134533520198,13.556443342443384,0.5858889426877609,9.999788258192101,Beras ketan
55.07905138339921,62.77075098814229,55011.96837944664,145.63005881847337,151.79445495887398,148.0968655353731,16.95617100903654,0.5668348924980521,10.025305275221886,Beras ketan
61.3875,72.23125,50703.41875,142.76700852505354,148.16350175776327,143.53876412640673,16.30093325509717,0.5569038404486717,10.156933327339866,Beras ketan
74.27363184079601,75.44776119402985,69778.35323383084,142.33029472880972,148.01798254506278,143.643625057083,17.36220654873483,0.5515346332358425,10.1412746926703,Beras ketan
68.62411347517731,81.77304964539007,101779.54609929078,139.6714388398106,145.49419943035085,142.0233970661953,15.940823150160938,0.5737562820333201,10.064621096423876,Beras ketan
74.36690647482014,84.29496402877697,96662.91366906474,139.61149133650372,145.42350785317984,142.1202676865499,14.691836626865989,0.5644696915276639,10.054189459556214,Beras ketan
50.63835616438356,63.087671232876716,43077.08493150685,145.51525961947277,151.82505752590387,148.22229390405852,17.356151203865604,0.5702311305822052,10.069664883502337,Beras ketan
83.71523178807946,98.69536423841059,102019.86754966888,140.90907470723627,146.76452877640253,143.7547421553498,13.45661961995075,0.5923874041568944,9.931543972298469,Beras ketan
58.81875,69.221875,48063.775,146.1756939851558,152.6415624409486,149.04634255322497,17.307557485862358,0.5754144902195262,10.038223494634739,Beras ketan
58.50877192982456,55.33771929824562,57379.37719298246,143.65366568116443,149.00645177534747,144.60975325701267,18.42443277137187,0.573673407639449,10.013438892089052,Beras ketan
56.70469798657718,63.23489932885906,49800.18456375839,146.86671082399008,152.86237144838645,148.5587272717729,14.87473557553466,0.5598112333117383,10.081635298277767,Beras ketan
55.13574660633484,65.05882352941177,61804.18552036199,145.7847787311298,152.0454977081496,148.29061760217203,14.616176197433436,0.5666657605207164,9.985798224117731,Beras ketan
56.32601880877743,64.34169278996865,46502.971786833856,146.1003985313261,152.2135150935374,148.5741510869394,15.392364310786618,0.5752117977005706,10.030750503777329,Beras ketan
71.45957446808511,90.02978723404256,83649.25531914894,144.89819235468107,150.75068811282227,146.34776328065948,16.652517373417556,0.561426385846838,10.104859150926067,Beras ketan
55.55598455598456,73.44401544401545,58396.43243243243,144.62605734809355,150.16383400389475,145.60781973379628,17.435895403756387,0.5627375442355963,10.132521247975404,Beras ketan
53.663492063492065,59.98412698412698,44689.76507936508,147.6575205892542,153.60032225660325,149.4775554656662,17.490816110874828,0.5643023656757912,10.136618238052444,Beras ketan
61.85042735042735,64.04700854700855,57989.666666666664,145.246407296522,151.15506446116254,146.8720904063786,15.60155335220978,0.577237675969376,9.988807547759864,Beras ketan
64.86071428571428,73.05357142857143,56925.63214285715,144.2984857909213,150.11418285003043,145.66067319578292,16.03130267158137,0.5617885717394184,10.140124378777177,Beras ketan
86.28289473684211,93.45394736842105,98193.31578947368,144.08884012227574,149.85905522027483,145.3159100542223,15.66510916308303,0.5562900799774247,10.116972526586125,Beras ketan
58.88780487804878,69.73170731707317,71060.71707317073,141.59199166259867,147.91970125241454,144.37114730633766,16.2459608609129,0.5700888454896733,10.010056368836457,Beras ketan
60.88073394495413,69.78899082568807,63216.66055045871,142.93621628821282,149.29013551311726,145.4730908518886,17.77056103274368,0.5565289988583159,10.09315292397708,Beras ketan
72.25142857142858,83.80571428571429,83834.28571428571,143.8652090321082,150.53172487166162,147.2195851672073,16.89805005211369,0.5645833883809301,10.025900561679025,Beras ketan
62.62633451957296,66.8185053380783,51362.31316725979,145.6590038455583,151.49471654016543,147.2563440065455,17.368502033352765,0.5800861411451842,9.988142177776778,Beras ketan
66.45901639344262,82.57377049180327,200445.24590163934,142.10684300726462,148.8376807464884,146.10910533194757,14.671520164190934,0.5696070934547102,9.95222482085487,Beras ketan
83.53260869565217,96.57608695652173,140362.40217391305,138.43076436786134,144.27198147295184,141.44318181072583,16.375130858523807,0.5669532101305276,10.03180559188718,Beras ketan
64.15942028985508,63.48792270531401,67999.65700483092,143.22434438184996,149.58020680783886,146.8059963906473,11.229226558028659,0.6258236443427764,9.709852250407875,Beras ketan
64.72081218274111,63.49746192893401,71144.45177664974,143.7852784535882,150.1055771749286,147.34424972245841,13.892487211143143,0.5822861583612198,9.897112855731773,Beras ketan
60.916030534351144,65.72519083969466,55763.47709923664,148.51533384379985,154.41414041503947,150.77962912113148,18.35346634794617,0.5743775906795966,10.084208356196127,Beras ketan
60.51633986928105,63.95751633986928,48088.24509803922,145.65651474710253,151.39190789162888,147.54711276389412,13.83885342992087,0.587343969635426,9.981263553914962,Beras ketan
49.56172839506173,55.4320987654321,78890.88271604938,144.93173117047743,150.80984916632548,147.6917676117515,16.514844771434873,0.5757927332673785,10.079176635248299,Beras ketan
81.8093023255814,78.32093023255814,74256.99534883721,145.11431063069517,150.69452227746808,146.51884535160514,15.873944517298595,0.555069989904933,10.198696381862703,Beras ketan
59.083333333333336,62.06547619047619,78564.61309523809,146.27934797086272,153.20929824958532,150.60764864877277,11.961641305546369,0.5966168376556116,9.8021281082458,Beras ketan
67.31506849315069,61.726027397260275,64397.995433789954,148.16135917619363,153.6313183355904,148.93824093101745,17.09744546112082,0.5808085351591475,10.012552546066772,Beras ketan
63.88194444444444,67.96527777777777,49327.28472222222,146.71666015460968,152.59676162131518,148.33026151239815,14.780657075516284,0.5911192479871132,9.962657496250374,Beras ketan
65.3172804532578,71.80736543909349,42969.96033994334,145.8973063376585,151.61722760574136,147.3157265848083,16.438646796517705,0.5713025522438655,10.128180088931414,Beras ketan
72.56617647058823,73.52573529411765,59852.29044117647,145.6775673087522,152.0802073819497,148.34382102570964,10.107232940314727,0.6200975233718424,9.785517697989269,Beras ketan
66.4945652173913,65.4945652173913,74155.20108695653,146.21480405433778,152.2810388092351,148.3378787327045,12.004705163849637,0.6163367356449466,9.80273602852865,Beras ketan
76.31380753138075,75.1213389121339,63323.644351464434,151.13736109798856,158.08880706989584,155.17472800269798,13.079149388418948,0.6009551632604857,9.794039376756624,Beras ketan
64.37711864406779,67.85593220338983,62620.27118644068,147.31661522633743,152.92808991362747,148.32288025163768,16.48035825864142,0.5697947202924688,10.106952384208128,Beras ketan
61.12755102040816,65.90306122448979,70628.0969387755,147.23525092907533,152.8882100438555,148.9363804839065,16.875867112061503,0.5855252323822235,10.071975812930114,Beras ketan
74.50508474576272,72.84406779661018,52384.54915254237,146.4347014558138,152.1369673399838,147.52941489578083,10.475466857268875,0.6209241911363568,9.800012374774203,Beras ketan
76.12264150943396,82.52358490566037,66936.22169811321,144.92580200000523,150.96836337737255,147.04767727885906,17.167008293558908,0.5729086414742167,10.056884381469963,Beras ketan
91.89375,94.675,94384.9625,141.22586470930963,146.29189745921516,141.69835659958426,17.682569300048833,0.5660153482700591,10.162921350405766,Beras ketan
77.94238683127573,82.74897119341564,70158.67489711934,145.0185324612098,151.37168549422083,147.97376912281115,16.807906086406337,0.5618605029021652,10.165766026393282,Beras ketan
65.06481481481481,66.85185185185185,66505.16203703704,143.42668186584046,149.40426693922166,145.5566583404195,17.020857618049977,0.5642331370475365,10.078223446502578,Beras ketan
67.90344827586208,66.93793103448276,52027.54137931034,144.7945563304411,150.45259279927248,146.3933977091994,18.44183769342449,0.5635763674153252,10.11154734851023,Beras ketan
105.88571428571429,111.22857142857143,293899.2,150.1307013304936,119.00624903221319,108.96386653137334,75.66299647477804,0.44052718024248727,11.586134815592432,Beras merah
151.91304347826087,156.34782608695653,431734.2173913043,158.71826610659696,129.10045864893024,118.94302352017195,69.21861938760509,0.4254528170318007,11.692032140040475,Beras merah
91.27906976744185,91.32558139534883,223696.0,162.7169843631897,136.22318065922354,126.74292178773514,65.55274599433444,0.427923368547035,11.570397785855425,Beras merah
125.74074074074075,131.96296296296296,359294.1111111111,157.8371020427847,128.4363270095847,118.51437606292517,58.7341203386471,0.4543614087482146,11.432923571712825,Beras merah
102.06060606060606,117.06060606060606,294399.9090909091,159.52491386697426,131.55072162449085,121.50408594668576,47.978781885176616,0.44053491520821475,11.46672292130291,Beras merah
111.11764705882354,128.7941176470588,308747.76470588235,160.35796268738977,129.48402118370495,117.92321973156545,61.11791263671639,0.4412233121994721,11.564854248348531,Beras merah
91.60975609756098,105.17073170731707,255786.0487804878,160.42078271316242,130.97900320911543,121.22772154772402,70.17680003898681,0.4218500973330413,11.720755302260553,Beras merah
101.05128205128206,97.12820512820512,232773.66666666666,161.6441746451667,134.07966164861006,125.02323073808998,61.39830118561925,0.4689013352621552,11.342131671483937,Beras merah
100.86666666666666,120.76666666666667,292671.1666666667,162.38337455449,138.2271943499622,130.07167281457336,48.7237715215097,0.4566535288315213,11.378989231773678,Beras merah
123.46428571428571,136.0,322315.6785714286,160.42670884904888,133.47327686379336,124.75055393492272,56.297679185109914,0.45743679767248113,11.401444079588584,Beras merah
131.2962962962963,138.37037037037038,357167.0740740741,164.09823700409947,136.32338161441274,126.9413597470238,57.94958911243955,0.42671695355969286,11.611476451610972,Beras merah
168.05,173.3,460492.6,163.44536269368857,139.07114996365058,131.24281984205717,54.21719290663116,0.3971994880315262,11.458337859426521,Beras merah
102.88571428571429,117.08571428571429,288308.6,155.38081935127445,127.55037305720899,118.71252885316935,92.83136405612527,0.3940154785057616,11.816535027382379,Beras merah
90.73684210526316,104.89473684210526,244442.05263157896,159.58041504603383,133.23393268862327,123.84028573331338,77.96285373643337,0.4125660920593136,11.605598594586063,Beras merah
116.20689655172414,122.96551724137932,315258.4482758621,157.79584775171642,138.28708600048816,132.31035175933798,58.46333393388782,0.46251467025547344,11.319225767993583,Beras merah
122.92307692307692,123.53846153846153,303927.26923076925,162.41813302770953,144.76624134897014,139.16236493632945,56.86310647798098,0.4765268394849297,11.202467041314623,Beras merah
79.34146341463415,100.53658536585365,226180.8780487805,161.49033082561726,135.82311694932602,126.4923799911554,76.01615442323143,0.4288572685185948,11.65074058280345,Beras merah
74.58181818181818,80.21818181818182,189726.0,152.6449090149177,122.28075519849142,112.08159328546233,77.14449874047645,0.40858361836060164,11.806565598326351,Beras merah
84.20454545454545,96.1590909090909,228723.70454545456,157.48089301789386,129.95718552177814,120.69402928030779,79.77193935449911,0.4238818806956065,11.62014761289704,Beras merah
72.10204081632654,77.24489795918367,176358.4693877551,158.91213365168596,135.8770417020975,127.49706178285356,68.49241529228297,0.4409051464576882,11.50480452075444,Beras merah
98.54054054054055,99.29729729729729,251935.5945945946,155.7567189009091,132.35843977347884,124.80611334522234,69.45438033935594,0.44358779474328236,11.498889063001332,Beras merah
125.46153846153847,126.15384615384616,331966.76923076925,158.17426379309438,138.4333653359106,132.66480662963488,80.49529959464215,0.45899710139020694,11.339319307027726,Beras merah
62.32857142857143,63.05714285714286,134904.44285714286,161.41111755755543,137.49188740407428,129.1500895448843,82.23941604773458,0.44227690206060716,11.490786783771089,Beras merah
71.21818181818182,87.56363636363636,205561.32727272727,157.72300457123436,127.04303395258566,116.22384949832556,82.77674469280488,0.4327999751212098,11.682245105655962,Beras merah
62.68333333333333,64.76666666666667,150529.48333333334,158.36214426453452,136.99820541160136,130.55806359966826,72.77006582142727,0.4240799332227195,11.472990703845097,Beras merah
93.53846153846153,96.35897435897436,231943.7435897436,157.62820526069223,134.69449291580057,127.39780376367366,69.3479910468157,0.4163247735573192,11.52510842929664,Beras merah
76.48979591836735,88.0204081632653,215704.55102040817,151.27654950869237,119.65184533979486,108.21735581288841,70.07233235669393,0.42782123612983824,11.660272780880474,Beras merah
93.82352941176471,102.97058823529412,247536.41176470587,163.04851285614552,141.44861486743616,133.77406369086987,44.17533311083282,0.472294684608143,11.237329789556695,Beras merah
102.19444444444444,113.08333333333333,301375.8611111111,152.86877516245696,116.8625873140537,102.69980926398337,48.02005515584225,0.4341964357564126,11.509970171998862,Beras merah
126.85714285714286,148.28571428571428,388724.03571428574,151.05407213521983,116.06010554781325,102.67650151302804,66.78594581095201,0.41628081531722927,11.692223355697035,Beras merah
131.33333333333334,147.4814814814815,370013.22222222225,153.87135037753526,123.27632478531535,111.11287420543063,50.50583940779423,0.46304305301928017,11.437921188436281,Beras merah
105.34285714285714,114.91428571428571,306490.1142857143,148.9835041559062,112.45097134629314,98.62948848038444,64.05079255141797,0.40600084489511973,11.744237894631514,Beras merah
131.40740740740742,148.44444444444446,391724.85185185185,150.373590968023,115.68336246535651,102.93346883988934,66.58213263458983,0.41370680631633494,11.685764056260574,Beras merah
79.07272727272728,87.32727272727273,203543.56363636363,147.37316973471488,109.42895509862895,94.72925737617577,54.42581142129913,0.39270050005604856,11.76446195119437,Beras merah
64.88888888888889,71.03703703703704,151471.66666666666,140.54901126635067,98.21648398460464,82.74989624997374,72.48567283761008,0.327781591906247,12.18828591466119,Beras merah
69.24285714285715,80.28571428571429,173601.44285714286,148.48480640327116,105.23410607009006,87.62512597631645,58.823042438526855,0.36389117485055794,11.953765831628838,Beras merah
79.56862745098039,87.27450980392157,214639.82352941178,151.40875017059292,116.34298905711975,102.38042255868396,56.50404832789881,0.4268680614369209,11.577243066099266,Beras merah
66.12307692307692,83.53846153846153,186108.5076923077,147.37894947234295,107.26409983360628,91.12578046264801,60.04132536794628,0.3866861882371846,11.856714966320858,Beras merah
86.70588235294117,98.33333333333333,233540.6862745098,148.77173887012367,110.69554673721339,96.16369318271289,63.547513704456314,0.3933155202151382,11.856923887055398,Beras merah
66.11290322580645,77.91935483870968,176871.4516129032,153.26303354578712,119.68738517783656,107.0431855178414,54.21409036999409,0.45126638818996906,11.583600337298282,Beras merah
86.79069767441861,108.18604651162791,260031.6976744186,154.51627727190413,121.26654062473754,108.27799569384081,57.420204687344125,0.4340376913437274,11.61017178952937,Beras merah
132.28,156.08,407665.48,156.7028947815623,124.93181171002351,112.87209795183504,52.55956294401651,0.473214174162097,11.216672990400134,Beras merah
116.67857142857143,144.32142857142858,379652.1785714286,156.80756264697237,126.58278866619949,114.51365145305807,50.81621564368938,0.47226863451277024,11.349286340354345,Beras merah
89.75,100.25,260626.05,156.8290079824368,124.81242323318216,113.36169399762218,54.58865176832118,0.4366230801811493,11.466955721053393,Beras merah
146.04,162.36,439297.0,154.4259223992452,120.0291261180398,107.87192530851074,57.58617571173911,0.4482302124834483,11.488247617305136,Beras merah
84.23913043478261,95.19565217391305,235733.36956521738,154.62980555358718,122.40040842243532,111.55544508023117,55.98257940774171,0.4562934091577636,11.361599739029732,Beras merah
131.5,148.5,401341.0,155.57403724896594,125.074342511889,114.09402729552468,50.62819056873493,0.47738339287030085,11.24697824580652,Beras merah
129.76923076923077,151.0,404669.92307692306,155.1085135057109,124.17185088734567,113.12218570877424,53.52898044555236,0.46873379842859725,11.289836028849917,Beras merah
107.55263157894737,118.15789473684211,305406.44736842107,152.16208075147497,114.82076120861153,101.18667246026496,60.389542935379026,0.4097290823916289,11.686707065237853,Beras merah
89.68888888888888,107.91111111111111,260044.48888888888,154.06508743543714,120.72492136322121,108.58066790084088,60.98545058322701,0.4181512587718311,11.63714724253302,Beras merah
